Open Sans	sans
Roboto	sans
Noto Sans JP	sans
Inter	sans
Lato	sans
Montserrat	sans
Arimo	sans
Poppins	sans
Roboto Condensed	sans
DM Sans	sans
Raleway	sans
Archivo Black	sans
Roboto Mono	mono
Outfit	sans
Oswald	sans
Plus Jakarta Sans	sans
Ubuntu	sans
Figtree	sans
Kanit	sans
Noto Sans KR	sans
Lora	serif
Mulish	sans
Noto Sans	sans
Noto Sans TC	sans
Archivo	sans
Bricolage Grotesque	sans
JetBrains Mono	mono
Saira	sans
Nunito	sans
Source Sans 3	sans
Black Ops One	display
Karla	sans
Playfair Display	serif
Jost	sans
Nunito Sans	sans
Noto Serif	serif
Fira Sans	sans
PT Serif	serif
Roboto Slab	serif
Rubik	sans
Titillium Web	sans
Manrope	sans
Fjalla One	sans
Noto Sans SC	sans
Instrument Serif	serif
Merriweather	serif
Inconsolata	mono
Barlow Condensed	sans
Anton	sans
Changa One	display
Public Sans	sans
Work Sans	sans
Bebas Neue	sans
Fraunces	serif
Inter Tight	sans
EB Garamond	serif
Josefin Sans	sans
Sora	sans
Alfa Slab One	display
Cairo	sans
PT Sans	sans
IBM Plex Mono	mono
Schibsted Grotesk	sans
Roboto Flex	sans
Noto Sans Khmer	sans
Prompt	sans
Nanum Gothic	sans
Barlow	sans
Rajdhani	sans
Ramabhadra	sans
M PLUS Rounded 1c	sans
Quicksand	sans
Geist	sans
Caveat	handwriting
Orbitron	sans
Noto Sans Telugu	sans
IBM Plex Sans	sans
Lilita One	display
Oxygen	sans
Anek Telugu	sans
Share Tech	sans
Exo 2	sans
Red Hat Display	sans
Smooch Sans	sans
Tajawal	sans
Cinzel	serif
Newsreader	serif
Space Grotesk	sans
Bungee	display
Instrument Sans	sans
Cormorant Garamond	serif
Merriweather Sans	sans
Slabo 27px	serif
Crimson Text	serif
Chakra Petch	sans
Libre Baskerville	serif
Barlow Semi Condensed	sans
Noto Sans Thai	sans
Heebo	sans
Lobster	display
Teko	sans
Noto Sans Arabic	sans
PT Sans Narrow	sans
Gravitas One	display
Arvo	serif
Comfortaa	display
Overpass	sans
Hanken Grotesk	sans
Lobster Two	display
Bodoni Moda	serif
Asap	sans
Abel	sans
Dancing Script	handwriting
Geist Mono	mono
Noto Serif JP	serif
Space Mono	mono
M PLUS 1p	sans
DM Mono	mono
Zen Kaku Gothic New	sans
Alumni Sans	sans
Baloo 2	display
Maven Pro	sans
Source Code Pro	mono
Archivo Narrow	sans
Libre Franklin	sans
Saira Condensed	sans
Be Vietnam Pro	sans
Hind Siliguri	sans
Onest	sans
ABeeZee	sans
Mukta	sans
Albert Sans	sans
Noto Serif TC	serif
Marcellus	serif
Nanum Myeongjo	serif
Assistant	sans
Lexend Deca	sans
IBM Plex Sans Arabic	sans
Permanent Marker	handwriting
Exo	sans
League Spartan	sans
Bitter	serif
Spectral	serif
Rethink Sans	sans
Syne	sans
Noto Sans Devanagari	sans
LINE Seed JP	sans
Roboto Serif	serif
Cabin	sans
Unbounded	sans
Lexend	sans
Varela Round	sans
Frank Ruhl Libre	serif
Urbanist	sans
DM Serif Text	serif
Sofia Sans	sans
Noto Serif SC	serif
Yellowtail	handwriting
Zen Maru Gothic	sans
Shippori Mincho	serif
Zeyada	handwriting
Courier Prime	mono
Amiri	serif
Prata	serif
Alegreya Sans	sans
DM Serif Display	serif
Hammersmith One	sans
Dosis	sans
Noto Serif KR	serif
Atkinson Hyperlegible	sans
Press Start 2P	display
Luckiest Guy	display
Noto Kufi Arabic	sans
Kalam	handwriting
Russo One	sans
Alata	sans
Fredoka	sans
Vollkorn	serif
News Cycle	sans
Rowdies	display
Baskervville	serif
Sarabun	sans
Acme	sans
Signika	sans
Righteous	display
Literata	serif
Cardo	serif
League Gothic	sans
Playfair	serif
Antic Slab	serif
Hind	sans
Source Serif 4	serif
Tinos	serif
Chivo	sans
Readex Pro	sans
Tenor Sans	sans
Amatic SC	handwriting
Montserrat Alternates	sans
Aleo	serif
Changa	sans
Audiowide	display
Pacifico	handwriting
Alegreya	serif
Noto Naskh Arabic	serif
Sawarabi Mincho	serif
VT323	mono
Cantarell	sans
Golos Text	sans
Red Hat Text	sans
Noto Sans Display	sans
Libre Barcode 39	display
Oleo Script	display
Fira Code	mono
Gothic A1	sans
Patua One	display
Khand	sans
IBM Plex Sans Condensed	sans
Sacramento	handwriting
Sanchez	serif
Lexend Giga	sans
Sawarabi Gothic	sans
Asap Condensed	sans
Bangers	display
Kumbh Sans	sans
Gruppo	sans
Oxanium	display
Courgette	handwriting
Antonio	sans
BIZ UDPGothic	sans
Play	sans
Allura	handwriting
Kaushan Script	handwriting
Noticia Text	serif
Domine	serif
Share Tech Mono	mono
STIX Two Text	serif
Zen Old Mincho	serif
Patrick Hand	handwriting
Shadows Into Light	handwriting
Crete Round	serif
Advent Pro	sans
Josefin Slab	serif
Philosopher	sans
Alexandria	sans
Almarai	sans
PT Mono	mono
Biryani	sans
Questrial	sans
Commissioner	sans
Epilogue	sans
Noto Sans Mono	sans
Creepster	display
Francois One	sans
Zilla Slab	serif
Abril Fatface	display
Kosugi Maru	sans
Noto Sans Bengali	sans
Fira Mono	mono
Quattrocento	serif
Rock Salt	handwriting
Delius	handwriting
Radio Canada	sans
Damion	handwriting
M PLUS 1	sans
Neuton	serif
Amaranth	sans
Noto Sans Tamil	sans
Paytone One	sans
Rokkitt	serif
Cutive Mono	mono
Playball	display
Cormorant	serif
Gilda Display	serif
Andada Pro	serif
Great Vibes	handwriting
Bai Jamjuree	sans
Forum	display
Playfair Display SC	serif
Didact Gothic	sans
Pinyon Script	handwriting
Quattrocento Sans	sans
Berkshire Swash	handwriting
Actor	sans
Chelsea Market	display
IBM Plex Serif	serif
Gloria Hallelujah	handwriting
Tangerine	handwriting
Geologica	sans
Michroma	sans
Noto Sans HK	sans
Encode Sans Condensed	sans
Noto Sans Malayalam	sans
Satisfy	handwriting
El Messiri	sans
Indie Flower	handwriting
Istok Web	sans
IBM Plex Sans Thai	sans
Italianno	handwriting
Jua	sans
Cookie	handwriting
Rammetto One	display
Slabo 13px	serif
Lalezar	sans
Monda	sans
Alex Brush	handwriting
Radio Canada Big	sans
Black Han Sans	sans
Poiret One	display
Gelasio	serif
Homemade Apple	handwriting
Yanone Kaffeesatz	sans
Pathway Gothic One	sans
Noto Sans Hebrew	sans
Viga	sans
Yeseva One	display
Comic Relief	display
Abhaya Libre	serif
Cinzel Decorative	display
Doppio One	sans
Crimson Pro	serif
Lusitana	serif
GFS Didot	serif
Volkhov	serif
Goldman	display
Fira Sans Condensed	sans
Lustria	serif
Arsenal	sans
Noto Serif Bengali	serif
Bevan	serif
Merienda	handwriting
Varela	sans
Parisienne	handwriting
Anek Bangla	sans
Mitr	sans
Balsamiq Sans	display
Catamaran	sans
Chango	display
Host Grotesk	sans
Noto Serif Display	serif
Mrs Saint Delafield	handwriting
Belleza	sans
Anuphan	sans
Belanosima	sans
Petrona	serif
Besley	serif
Caveat Brush	handwriting
Shippori Mincho B1	serif
Syncopate	sans
Julius Sans One	sans
Original Surfer	display
Saira Semi Condensed	sans
Atkinson Hyperlegible Next	sans
Lemonada	display
Cousine	mono
Kameron	serif
Zen Kaku Gothic Antique	sans
Mada	sans
Pirata One	display
Faustina	serif
Ubuntu Sans	sans
Encode Sans	sans
Eczar	serif
Averia Serif Libre	display
Pridi	serif
Special Elite	display
Bree Serif	serif
Dongle	sans
Wix Madefor Display	sans
Hind Madurai	sans
Mukta Malar	sans
Suez One	serif
Nanum Gothic Coding	handwriting
Racing Sans One	display
REM	sans
Handlee	handwriting
Potta One	display
Secular One	sans
Old Standard TT	serif
Pragati Narrow	sans
Adamina	serif
Carlito	sans
Leckerli One	handwriting
Marck Script	handwriting
Gantari	sans
Taviraj	serif
Reddit Sans	sans
Squada One	display
Mr Dafoe	handwriting
Quantico	sans
Spline Sans	sans
Gudea	sans
Limelight	display
Caprasimo	display
Sofia Sans Extra Condensed	sans
Skranji	display
Bowlby One SC	display
M PLUS 2	sans
Noto Nastaliq Urdu	serif
Do Hyeon	sans
MuseoModerno	display
Economica	sans
Libre Caslon Text	serif
Ms Madi	handwriting
Noto Sans Symbols	sans
Tektur	display
Murecho	sans
Gochi Hand	handwriting
Mate	serif
Comic Neue	handwriting
Oooh Baby	handwriting
Yuji Mai	serif
Italiana	sans
Familjen Grotesk	sans
Knewave	display
Fahkwang	sans
Sansita	sans
Jersey 25	display
Ropa Sans	sans
Six Caps	sans
Martel Sans	sans
Chewy	display
Wix Madefor Text	sans
Andika	sans
Rubik Mono One	sans
Kreon	serif
Niconne	handwriting
Yantramanav	sans
Palanquin	sans
Afacad Flux	sans
Mandali	sans
Akshar	sans
Rye	display
PT Sans Caption	sans
Ruda	sans
Bentham	serif
Fugaz One	display
Niramit	sans
Charm	handwriting
ZCOOL KuaiLe	sans
Cedarville Cursive	handwriting
Electrolize	sans
Big Shoulders	display
Unica One	display
Mali	handwriting
Bona Nova SC	serif
Libre Barcode 128	display
Yrsa	serif
ZCOOL XiaoWei	sans
Anek Latin	sans
Basic	sans
Covered By Your Grace	handwriting
BenchNine	sans
Sen	sans
Marcellus SC	serif
Londrina Solid	display
Sofia Sans Condensed	sans
Stardos Stencil	display
Geo	sans
Signika Negative	sans
Noto Sans Gujarati	sans
Titan One	display
Pontano Sans	sans
Parkinsans	sans
Passion One	display
Fredericka the Great	display
Just Another Hand	handwriting
Rufina	serif
Krona One	sans
Fustat	sans
Aldrich	sans
Neucha	handwriting
Young Serif	serif
DotGothic16	sans
Metrophobic	sans
Vazirmatn	sans
Architects Daughter	handwriting
Spinnaker	sans
Tiro Bangla	serif
La Belle Aurore	handwriting
Martel	serif
Trirong	serif
Ma Shan Zheng	handwriting
Laila	serif
Spline Sans Mono	mono
Aclonica	sans
Ibarra Real Nova	serif
Palanquin Dark	sans
Sintony	sans
Ubuntu Condensed	sans
Noto Sans Meetei Mayek	sans
Radley	serif
Alef	sans
Libre Caslon Display	serif
Special Gothic	sans
Irish Grover	display
Qwitcher Grypen	handwriting
Chonburi	display
Saira Extra Condensed	sans
Oranienbaum	serif
Fjord One	serif
Proza Libre	sans
Inria Serif	serif
Wallpoet	display
Bowlby One	display
Kulim Park	sans
IBM Plex Sans KR	sans
Unna	serif
Kosugi	sans
Krub	sans
Shadows Into Light Two	handwriting
Staatliches	display
Cormorant SC	serif
Schoolbell	handwriting
Special Gothic Condensed One	sans
Bellefair	serif
Reddit Sans Condensed	sans
Castoro	serif
Hina Mincho	serif
Pattaya	sans
Gabarito	display
Share	sans
Monoton	display
Noto Sans Kannada	sans
Caudex	serif
Corben	display
Rancho	handwriting
Annie Use Your Telescope	handwriting
Dela Gothic One	display
Seaweed Script	display
Sigmar One	display
Concert One	display
Yatra One	display
Nixie One	display
Arizonia	handwriting
Brygada 1918	serif
Markazi Text	serif
Silkscreen	display
Graduate	serif
Cormorant Upright	serif
Alatsi	sans
Fondamento	handwriting
Noto Sans Gurmukhi	sans
Anybody	display
Karma	serif
Caladea	serif
Inknut Antiqua	serif
Norican	handwriting
Podkova	serif
RocknRoll One	sans
Anton SC	sans
Mochiy Pop One	sans
Playpen Sans	handwriting
Hepta Slab	serif
Klee One	handwriting
Lateef	serif
Cal Sans	sans
Cormorant Infant	serif
DynaPuff	display
TikTok Sans	sans
Lexend Zetta	sans
ADLaM Display	display
Candal	sans
Gabriela	serif
Gowun Dodum	sans
Rampart One	display
Allerta Stencil	sans
Hind Guntur	sans
Telex	sans
Herr Von Muellerhoff	handwriting
Cormorant Unicase	serif
Croissant One	display
Enriqueta	serif
Libre Bodoni	serif
Zalando Sans	sans
Bungee Shade	display
Marmelad	sans
Faster One	display
IM Fell English SC	serif
Baloo Thambi 2	display
ZCOOL QingKe HuangYou	sans
Bungee Inline	display
Halant	serif
Antic Didone	serif
Nanum Pen Script	handwriting
Arbutus Slab	serif
Ruslan Display	display
Hi Melody	handwriting
Reenie Beanie	handwriting
Fanwood Text	serif
Noto Serif Devanagari	serif
AR One Sans	sans
Bayon	sans
Vidaloka	serif
Magra	sans
Rakkas	display
Hahmlet	serif
Alegreya SC	serif
Meddon	handwriting
Flow Circular	display
Sorts Mill Goudy	serif
Noto Sans Oriya	sans
Chiron GoRound TC	sans
Angkor	display
Noto Serif Georgian	serif
Rosario	sans
Lexend Peta	sans
Rambla	sans
Delicious Handrawn	handwriting
Eater	display
Lekton	mono
Ubuntu Mono	mono
Yesteryear	handwriting
Georama	sans
Zen Dots	display
Coming Soon	handwriting
Calligraffitti	handwriting
Lacquer	display
Sniglet	display
Atma	display
Inria Sans	sans
Allerta	sans
Just Me Again Down Here	handwriting
Nobile	sans
Scada	sans
Gaegu	handwriting
Marvel	sans
Sriracha	handwriting
Allison	handwriting
IBM Plex Sans Hebrew	sans
Akatab	sans
Kaisei Decol	serif
Alice	serif
Boldonse	display
Metamorphous	display
Hanuman	serif
Kodchasan	sans
Agbalumo	display
Jura	sans
Quintessential	handwriting
MedievalSharp	display
Reem Kufi	sans
Birthstone	handwriting
Carrois Gothic	sans
David Libre	serif
Bad Script	handwriting
Shantell Sans	display
Mona Sans	sans
Yuji Syuku	serif
Turret Road	display
Fira Sans Extra Condensed	sans
Monomaniac One	sans
Kadwa	serif
Waiting for the Sunrise	handwriting
Arapey	serif
Over the Rainbow	handwriting
BioRhyme	serif
Tilt Neon	display
Average Sans	sans
Calistoga	display
Oxygen Mono	mono
Afacad	sans
Monsieur La Doulaise	handwriting
Cuprum	sans
Martian Mono	mono
Kantumruy Pro	sans
Kristi	handwriting
Meow Script	handwriting
Hachi Maru Pop	handwriting
Zalando Sans SemiExpanded	sans
Rouge Script	handwriting
Tienne	serif
Inclusive Sans	sans
Blinker	sans
Libre Barcode 39 Text	display
Noto Serif Thai	serif
Voltaire	sans
Anek Devanagari	sans
Pompiere	display
Syne Mono	mono
Bubblegum Sans	display
Nothing You Could Do	handwriting
Frijole	display
Give You Glory	handwriting
Junge	serif
Redressed	handwriting
Hind Vadodara	sans
Recursive	sans
Ysabeau Office	sans
KoHo	sans
Carattere	handwriting
Fasthand	display
Carter One	display
Corinthia	handwriting
Funnel Sans	sans
Maitree	serif
Prosto One	display
Amita	handwriting
Hurricane	handwriting
Contrail One	display
Zen Antique	serif
Sometype Mono	mono
SUSE	sans
Numans	sans
Uncial Antiqua	display
Gotu	sans
Miriam Libre	sans
Asar	serif
Bagel Fat One	display
Mr De Haviland	handwriting
Sarina	display
Cherry Bomb One	display
Noto Serif Khojki	serif
Anonymous Pro	mono
Mukta Mahee	sans
Platypi	serif
Moon Dance	handwriting
Ultra	serif
Edu TAS Beginner	handwriting
Nova Mono	mono
Ephesis	handwriting
Shrikhand	display
Buenard	serif
Sofia	handwriting
Mallanna	sans
Jockey One	sans
Germania One	display
Kurale	serif
Average	serif
Gurajada	sans
Fauna One	serif
Square Peg	handwriting
Baloo Bhai 2	display
Protest Revolution	display
Road Rage	display
Capriola	sans
Alegreya Sans SC	sans
Viaoda Libre	display
Mansalva	handwriting
Zhi Mang Xing	handwriting
IBM Plex Sans JP	sans
Grandstander	display
Gulzar	serif
Xanh Mono	mono
Gluten	display
Sedgwick Ave	handwriting
Noto Sans Symbols 2	sans
Protest Strike	display
Zain	sans
Jomhuria	display
Galindo	display
Rosarivo	serif
Rozha One	serif
Rubik Dirt	display
Fontdiner Swanky	display
Sue Ellen Francisco	handwriting
Sarpanch	sans
Supermercado One	display
Pangolin	handwriting
Sunflower	sans
IM Fell Great Primer	serif
Jaldi	sans
Tenali Ramakrishna	sans
Finger Paint	display
Karantina	display
Piazzolla	serif
BhuTuka Expanded One	serif
Coiny	display
Cherry Cream Soda	display
Itim	handwriting
Thasadith	sans
MonteCarlo	handwriting
Gasoek One	sans
Quando	serif
Euphoria Script	handwriting
Moul	display
Khula	sans
Vesper Libre	serif
Gloock	serif
Noto Sans Armenian	sans
Ysabeau SC	sans
Vast Shadow	serif
Scope One	serif
Averia Sans Libre	display
Charmonman	handwriting
Darumadrop One	display
Freehand	display
Port Lligat Sans	sans
Vibur	handwriting
Codystar	display
Lily Script One	display
UnifrakturCook	display
Cairo Play	sans
Azeret Mono	mono
Esteban	serif
Zen Antique Soft	serif
Noto Sans Warang Citi	sans
New Rocker	display
Nokora	sans
Modak	display
Padauk	sans
Allan	display
Expletus Sans	display
Aboreto	display
Jersey 10	display
Kranky	display
Tilt Warp	display
Rubik Spray Paint	display
Trade Winds	display
Manuale	serif
Vollkorn SC	serif
Imbue	serif
Kaisei Tokumin	serif
Mina	sans
Ovo	serif
Vujahday Script	handwriting
Reggae One	display
Baumans	display
Patrick Hand SC	handwriting
Qahiri	sans
Iceland	display
Molengo	sans
Brawler	serif
Bigshot One	display
Ribeye	display
Special Gothic Expanded One	sans
Fresca	sans
Coda	display
Teachers	sans
Anaheim	sans
Days One	sans
Modern Antiqua	display
Bona Nova	serif
Noto Sans Lao	sans
Noto Sans Sinhala	sans
Orelega One	display
Cabin Condensed	sans
Clicker Script	handwriting
Elsie	display
Arya	sans
Noto Sans Myanmar	sans
Bakbak One	display
Denk One	sans
Lexend Exa	sans
Chau Philomene One	sans
Darker Grotesque	sans
Nata Sans	sans
Rubik Glitch	display
Mirza	serif
Red Hat Mono	mono
Borel	handwriting
Encode Sans Semi Expanded	sans
Stalemate	handwriting
Oregano	display
Overpass Mono	mono
Abyssinica SIL	serif
Emilys Candy	display
Whisper	handwriting
Baloo Da 2	display
Ledger	serif
Alike Angular	serif
Boogaloo	display
Farro	sans
Nova Oval	display
Inder	sans
IM Fell Double Pica	serif
Kiwi Maru	serif
Noto Sans Ethiopic	sans
Atomic Age	display
Fuggles	handwriting
Monofett	mono
McLaren	display
Tomorrow	sans
Federo	sans
Pixelify Sans	display
Cambo	serif
IM Fell English	serif
Antic	sans
UnifrakturMaguntia	display
Duru Sans	sans
Funnel Display	display
Suranna	serif
Bellota	display
Shanti	sans
Aoboshi One	serif
BIZ UDGothic	sans
Mea Culpa	handwriting
Solway	serif
The Girl Next Door	handwriting
Wittgenstein	serif
Athiti	sans
Mako	sans
Anek Malayalam	sans
Girassol	display
Prociono	serif
Englebert	sans
Holtwood One SC	serif
Amethysta	serif
Bilbo Swash Caps	handwriting
Gowun Batang	serif
Imprima	sans
Glory	sans
M PLUS 1 Code	mono
Bonheur Royale	handwriting
Goblin One	display
Katibeh	display
Baloo Chettan 2	display
Sofia Sans Semi Condensed	sans
Maiden Orange	serif
IM Fell French Canon	serif
Julee	handwriting
Miltonian Tattoo	display
K2D	sans
Song Myung	serif
Nerko One	handwriting
Salsa	display
WindSong	handwriting
Birthstone Bounce	handwriting
Nova Cut	display
Libertinus Sans	sans
Spicy Rice	display
Poltawski Nowy	serif
Stylish	sans
Cantata One	serif
Mochiy Pop P One	sans
Sarala	sans
Zilla Slab Highlight	serif
Mystery Quest	display
Noto Sans Georgian	sans
Sail	display
Luxurious Script	handwriting
Stick	sans
Moderustic	sans
Pochaevsk	display
Gentium Book Plus	serif
Judson	serif
Anek Tamil	sans
Macondo Swash Caps	display
IBM Plex Sans Thai Looped	sans
Livvic	sans
Lovers Quarrel	handwriting
Vina Sans	display
Charis SIL	serif
Iceberg	display
Noto Serif Ahom	serif
Barriecito	display
Shojumaru	display
TASA Orbiter	sans
Baloo Paaji 2	display
Kablammo	display
Liter	sans
Dokdo	display
Swanky and Moo Moo	handwriting
Water Brush	handwriting
Gemunu Libre	sans
Risque	display
Crushed	display
Cabin Sketch	display
Gentium Plus	serif
Loved by the King	handwriting
Comme	sans
Fragment Mono	mono
Kaisei HarunoUmi	serif
Barrio	display
Dangrek	display
Montaga	serif
Noto Sans Tagalog	sans
The Nautigal	handwriting
Single Day	display
Waterfall	handwriting
Timmana	sans
Gugi	display
Mynerve	handwriting
Srisakdi	display
Yomogi	handwriting
Badeen Display	display
Text Me One	sans
Sumana	serif
BBH Hegarty	sans
Cambay	sans
Baskervville SC	serif
IM Fell DW Pica SC	serif
Jim Nightshade	handwriting
Akt	sans
Armata	sans
Licorice	handwriting
Short Stack	handwriting
Momo Trust Sans	sans
Caramel	handwriting
Kode Mono	mono
Elms Sans	sans
Cherry Swash	display
Petit Formal Script	handwriting
Kavoon	display
Kdam Thmor Pro	sans
Averia Libre	display
Varta	sans
Medula One	display
Paprika	display
Baloo Bhaina 2	display
Henny Penny	display
Noto Serif Tibetan	serif
Homenaje	sans
Milonga	display
Eagle Lake	handwriting
Fascinate	display
Truculenta	sans
Overlock SC	display
Lavishly Yours	handwriting
Monomakh	display
Arbutus	serif
PT Serif Caption	serif
Sree Krushnadevaraya	serif
Gafata	sans
Carme	sans
Yuji Boku	serif
Chivo Mono	mono
Rubik Moonrocks	display
Voces	sans
Headland One	serif
Lemon	display
Noto Sans Canadian Aboriginal	sans
Belgrano	serif
BIZ UDPMincho	serif
IBM Plex Sans Devanagari	sans
Glegoo	serif
Winky Sans	sans
Victor Mono	mono
IM Fell Double Pica SC	serif
Comforter Brush	handwriting
Nova Slim	display
Jomolhari	serif
Jolly Lodger	display
Butterfly Kids	handwriting
Noto Sans Bhaiksuki	sans
Anek Odia	sans
Noto Serif Malayalam	serif
Delius Unicase	handwriting
Pathway Extreme	sans
Piedra	display
Tiro Devanagari Sanskrit	serif
Libre Barcode 128 Text	display
New Tegomin	serif
Poor Story	display
Alumni Sans Pinstripe	sans
Mountains of Christmas	display
Odibee Sans	display
Style Script	handwriting
Noto Sans Thaana	sans
Sevillana	display
Akronim	display
Noto Sans Gothic	sans
Kenia	display
Cactus Classical Serif	serif
Noto Sans Old North Arabian	sans
Liu Jian Mao Cao	handwriting
Edu SA Beginner	handwriting
Ceviche One	display
Miniver	display
Ruthie	handwriting
Sahitya	serif
Flamenco	display
IM Fell Great Primer SC	serif
Huninn	sans
Marhey	display
Pliant	sans
Koulen	display
Noto Serif Armenian	serif
Trispace	sans
Redacted	display
Sedgwick Ave Display	handwriting
Stint Ultra Condensed	serif
Stack Sans Headline	sans
Chocolate Classical Sans	sans
Trocchi	serif
Sigmar	display
Aref Ruqaa	serif
Freckle Face	display
Suwannaphum	serif
Anek Kannada	sans
Grand Hotel	handwriting
Zalando Sans Expanded	sans
Gideon Roman	display
Strait	sans
Cute Font	display
Ballet	handwriting
Tiro Devanagari Hindi	serif
Chathura	sans
Geom	sans
Noto Serif Tamil	serif
Noto Serif Kannada	serif
Mouse Memoirs	sans
Smokum	display
Akaya Kanadaka	display
Edu NSW ACT Cursive	handwriting
Rum Raisin	sans
Noto Sans Syriac Western	sans
Yusei Magic	sans
Grape Nuts	handwriting
Bruno Ace	display
Offside	display
Nova Script	display
Notable	sans
Noto Music	sans
Bruno Ace SC	display
Major Mono Display	mono
Benne	serif
Noto Sans Samaritan	sans
Carrois Gothic SC	sans
Micro 5	display
Ancizar Serif	serif
Noto Serif Telugu	serif
Joan	serif
Rubik Scribble	display
Manufacturing Consent	display
Geostar Fill	display
Nanum Brush Script	handwriting
Twinkle Star	handwriting
Comforter	handwriting
Solitreo	handwriting
Festive	handwriting
Goudy Bookletter 1911	serif
Kotta One	serif
Grechen Fuemen	handwriting
Noto Serif Hebrew	serif
Handjet	display
Noto Sans Glagolitic	sans
Vampiro One	display
Mr Bedfort	handwriting
Tac One	sans
Grenze Gotisch	display
Lugrasimo	handwriting
Rubik Microbe	display
Akaya Telivigala	display
Passions Conflict	handwriting
Sixtyfour Convergence	mono
Noto Sans Sundanese	sans
Bacasime Antique	serif
Baloo Bhaijaan 2	display
Iosevka Charon Mono	mono
Noto Sans Buhid	sans
Lunasima	sans
Climate Crisis	display
Cagliostro	sans
IM Fell DW Pica	serif
Story Script	sans
Alyamama	serif
Autour One	display
Nova Square	display
Overlock	display
Stack Sans Notch	sans
Dawning of a New Day	handwriting
Playpen Sans Arabic	handwriting
Rubik Doodle Shadow	display
Underdog	display
Amiko	sans
Montserrat Underline	sans
Dekko	handwriting
Rubik Gemstones	display
Aubrey	display
Tillana	display
Gwendolyn	handwriting
Bitcount Grid Double	display
Noto Sans Linear A	sans
Donegal One	serif
Syne Tactile	display
WDXL Lubrifont JP N	sans
Sonsie One	display
Vend Sans	sans
Beiruti	sans
Blaka	display
Poetsen One	display
Keania One	display
Orbit	sans
Mogra	display
Sansita Swashed	display
Trochut	display
Erica One	display
Jacquard 12	display
Noto Serif Dives Akuru	serif
Encode Sans SC	sans
Bellota Text	display
Linden Hill	serif
Alumni Sans SC	sans
Bitcount Grid Single	display
Tiro Devanagari Marathi	serif
Montagu Slab	serif
Ysabeau Infant	sans
Kings	handwriting
Noto Sans Kaithi	sans
Tulpen One	display
Yaldevi	sans
Stint Ultra Expanded	serif
Noto Sans Sora Sompeng	sans
Zen Kurenaido	sans
Jersey 15	display
Red Rose	display
Koh Santepheap	serif
Butcherman	display
Love Ya Like A Sister	display
Buda	display
Ewert	display
Scheherazade New	serif
Texturina	serif
Kumar One	display
Bungee Spice	display
Purple Purse	display
Bungee Tint	display
Tiro Gurmukhi	serif
Big Shoulders Stencil	display
Bungee Hairline	display
LXGW Marker Gothic	sans
Tilt Prism	display
Fascinate Inline	display
Plaster	display
Rubik Beastly	display
Lexend Tera	sans
Kite One	sans
Ancizar Sans	sans
Baloo Tamma 2	display
Rhodium Libre	serif
Joti One	display
Spectral SC	serif
Diplomata	display
Rochester	handwriting
Mukta Vaani	sans
Noto Sans Egyptian Hieroglyphs	sans
Sirin Stencil	display
Hubballi	sans
Konkhmer Sleokchher	display
WDXL Lubrifont TC	sans
Metal	display
Chiron Hei HK	sans
Copse	serif
Kedebideri	sans
B612 Mono	mono
Noto Serif Gujarati	serif
Finlandica Text	sans
Noto Sans Ol Chiki	sans
Noto Sans Osmanya	sans
Encode Sans Expanded	sans
Peddana	serif
Trykker	serif
Beth Ellen	handwriting
Rubik Iso	display
Bubbler One	sans
Londrina Shadow	display
Neonderthaw	handwriting
Almendra Display	display
Caacupe One	display
Kaisei Opti	serif
Chela One	display
Felipa	handwriting
Uchen	serif
Bungee Outline	display
Hedvig Letters Serif	serif
Galdeano	sans
Slackey	display
Noto Sans Lao Looped	sans
Rubik Broken Fax	display
Kumar One Outline	display
Send Flowers	handwriting
Fruktur	display
Noto Sans Mende Kikakui	sans
Kalnia Glaze	display
Noto Serif Sinhala	serif
Almendra	serif
Ubuntu Sans Mono	mono
Ranga	display
Arsenal SC	sans
Manjari	sans
Dhurjati	sans
Libertinus Serif	serif
Moirai One	display
Asul	serif
Grey Qo	handwriting
Lakki Reddy	handwriting
Noto Serif Dogra	serif
Happy Monkey	display
Londrina Sketch	display
Metal Mania	display
Wellfleet	serif
Noto Rashi Hebrew	serif
Reem Kufi Ink	sans
Jersey 20	display
Noto Sans Old Hungarian	sans
Bahiana	display
Noto Sans Osage	sans
Tiro Kannada	serif
Alike	serif
Stalinist One	display
Encode Sans Semi Condensed	sans
Oi	display
Epunda Sans	sans
Puritan	sans
Noto Sans Anatolian Hieroglyphs	sans
Battambang	display
Passero One	display
Matemasie	sans
Poller One	display
Cause	handwriting
Tirra	sans
Noto Sans Cham	sans
Balthazar	serif
Noto Sans Cuneiform	sans
Iansui	handwriting
Noto Sans Thai Looped	sans
Diplomata SC	display
Valley Sans	sans
GFS Neohellenic	sans
Momo Signature	sans
Idiqlat	serif
Sirivennela	sans
Princess Sofia	handwriting
Foldit	display
Jaini Purva	display
Noto Sans Medefaidrin	sans
Noto Sans Tai Viet	sans
Bytesized	sans
Noto Sans Adlam	sans
Lancelot	display
Miranda Sans	sans
Bigelow Rules	display
Gveret Levin	handwriting
Exile	display
Gidugu	sans
Inspiration	handwriting
Noto Serif Ethiopic	serif
Snippet	sans
Arima	display
BioRhyme Expanded	serif
Poly	serif
Rubik Burned	display
WDXL Lubrifont SC	sans
Amarante	display
Shizuru	display
Rubik Storm	display
Sedan	serif
Edu VIC WA NT Beginner	handwriting
Kelly Slab	display
Ruwudu	serif
Tsukimi Rounded	sans
Oldenburg	display
Hanalei Fill	display
Megrim	display
Langar	display
Shippori Antique	sans
Coustard	serif
Diphylleia	serif
Yuyu	handwriting
Estedad	sans
Molle	handwriting
Menbere	sans
Lumanosimo	handwriting
Noto Sans Batak	sans
Bitcount Single Ink	display
Libertinus Mono	mono
Stick No Bills	sans
Playpen Sans Hebrew	handwriting
Tapestry	handwriting
Betania Patmos	handwriting
Rubik Puddles	display
Della Respira	serif
Noto Serif Tangut	serif
Narnoor	sans
Cascadia Mono	sans
Tai Heritage Pro	serif
Are You Serious	handwriting
Walter Turncoat	handwriting
Jacquard 12 Charted	display
Edu NSW ACT Hand Pre	handwriting
Noto Sans Pahawh Hmong	sans
Jacquard 24 Charted	display
Noto Sans Bamum	sans
Noto Sans Shavian	sans
Rubik Marker Hatch	display
Moulpali	sans
Sulphur Point	sans
Big Shoulders Inline	display
Cutive	serif
UoqMunThenKhung	serif
Aguafina Script	handwriting
Noto Sans Tirhuta	sans
Noto Sans Vithkuqi	sans
Jersey 15 Charted	display
Protest Guerrilla	display
Black And White Picture	display
Ponomar	display
B612	sans
Geostar	display
Noto Sans Hanifi Rohingya	sans
Noto Sans Yi	sans
Noto Sans Old Italic	sans
Bitcount Prop Single Ink	display
Noto Sans Chorasmian	sans
Rock 3D	display
Jersey 25 Charted	display
Noto Sans Nandinagari	sans
Noto Sans Multani	sans
Rasa	serif
Scoutie Sans	sans
Yuji Hentaigana Akebono	handwriting
Noto Sans Hanunoo	sans
Noto Serif Balinese	serif
Wendy One	sans
Noto Sans Tamil Supplement	sans
Workbench	mono
Annapurna SIL	serif
Danfo	serif
Combo	display
Noto Sans Bassa Vah	sans
Bitcount Ink	display
Crafty Girls	handwriting
Labrada	serif
Sassy Frass	handwriting
Noto Sans Gunjala Gondi	sans
Petemoss	handwriting
Noto Sans Old Permic	sans
Noto Sans Sharada	sans
Noto Sans Takri	sans
Noto Serif Toto	serif
Montez	handwriting
Saira Stencil	display
Betania Patmos In GDL	handwriting
Taprom	display
Noto Sans PhagsPa	sans
Redacted Script	display
M PLUS U	sans
Fuzzy Bubbles	handwriting
Asimovian	sans
Coral Pixels	display
Nosifer	display
Noto Sans Cypro Minoan	sans
Tagesschrift	display
Lilex	mono
Rubik Pixels	display
Snowburst One	display
Noto Sans Syriac	sans
Qwigley	handwriting
Palette Mosaic	display
Noto Sans Saurashtra	sans
Noto Serif Gurmukhi	serif
Noto Sans Syriac Eastern	sans
Playpen Sans Deva	handwriting
Aladin	display
Noto Sans Syloti Nagri	sans
Agu Display	display
Grandiflora One	serif
Finlandica Headline	sans
Freeman	display
Savate	sans
Kufam	sans
Mingzat	sans
Ole	handwriting
Rubik Doodle Triangles	display
Noto Sans Tifinagh	sans
Bitcount Single	display
Bpmf Huninn	sans
Anta	sans
Edu SA Hand	handwriting
Noto Sans Indic Siyaq Numbers	sans
Ga Maamli	display
Jaini	display
Hibur Mono	mono
Alan Sans	sans
Datatype	mono
Rubik Maze	display
Hanalei	display
Ponnala	display
Doto	sans
Tuffy	sans
Noto Serif Khitan Small Script	serif
Protest Riot	display
Bitcount	display
Noto Sans Khojki	sans
Oleo Script Swash Caps	display
Madimi One	sans
Noto Sans Duployan	sans
Noto Sans Avestan	sans
Noto Sans Lisu	sans
Noto Serif Makasar	serif
League Script	handwriting
Edu AU VIC WA NT Pre	handwriting
Sour Gummy	sans
Yarndings 20 Charted	display
Noto Sans Elymaic	sans
Noto Sans Tai Le	sans
Grenze	serif
Noto Sans Wancho	sans
Mooli	sans
Noto Sans Old Persian	sans
Noto Sans Lydian	sans
Noto Sans Vai	sans
Bpmf Zihi Kai Std	sans
Bodoni Moda SC	serif
Yuyu Short	handwriting
Noto Sans Newa	sans
Bokor	display
Yuji Hentaigana Akari	handwriting
Kalnia	serif
Galada	display
Edu AU VIC WA NT Arrows	handwriting
Blaka Hollow	display
Meie Script	handwriting
Gamja Flower	handwriting
Noto Sans NKo Unjoined	sans
Edu VIC WA NT Hand	handwriting
Unkempt	display
Noto Sans Palmyrene	sans
Sunshiney	handwriting
Alkalami	serif
BJCree	serif
Padyakke Expanded One	serif
Noto Sans Phoenician	sans
Strichpunkt Sans	sans
Noto Sans Imperial Aramaic	sans
Noto Sans Inscriptional Parthian	sans
Reddit Mono	mono
Wire One	sans
Noto Sans Siddham	sans
Noto Sans New Tai Lue	sans
Micro 5 Charted	display
Noto Sans Tagbanwa	sans
Phudu	display
Artifika	serif
Noto Sans Chakma	sans
Noto Sans Limbu	sans
Bitcount Prop Double Ink	display
Bitcount Grid Double Ink	display
Noto Sans Old South Arabian	sans
Nova Flat	display
Noto Serif Old Uyghur	serif
Noto Sans Zanabazar Square	sans
Noto Sans Buginese	sans
Noto Sans Sogdian	sans
Noto Sans Khudawadi	sans
Noto Serif HK	serif
Noto Sans Caucasian Albanian	sans
Noto Sans Kawi	sans
Rationale	sans
Jersey 10 Charted	display
Noto Sans Soyombo	sans
Noto Sans SignWriting	sans
Mohave	sans
Jersey 20 Charted	display
Noto Sans Ugaritic	sans
Noto Sans Lepcha	sans
Noto Sans Linear B	sans
Asta Sans	sans
Noto Sans Masaram Gondi	sans
Train One	display
Long Cang	handwriting
Noto Sans Mro	sans
Noto Sans Modi	sans
Noto Sans Pau Cin Hau	sans
Dynalight	display
Noto Sans Hatran	sans
Betania Patmos GDL	handwriting
Convergence	sans
Jacquarda Bastarda 9 Charted	display
Noto Sans Ogham	sans
Noto Sans Nushu	sans
Noto Sans Old Sogdian	sans
Ranchers	display
Macondo	display
Ramsina	serif
Yarndings 12 Charted	display
Yarndings 20	display
Libre Barcode 39 Extended Text	display
Sancreek	display
Mozilla Headline	sans
Gupter	serif
Gayathri	sans
Orienta	sans
Nova Round	display
Stack Sans Text	sans
NTR	sans
BIZ UDMincho	serif
Asset	display
Life Savers	display
Tiny5	sans
Momo Trust Display	sans
Smythe	display
Peralta	serif
Faculty Glyphic	sans
Amiri Quran	serif
Baloo Tammudu 2	display
Sansation	sans
Alkatra	display
Delius Swash Caps	handwriting
Gorditas	display
Harmattan	sans
LXGW WenKai TC	handwriting
Sekuya	display
Imperial Script	handwriting
Chicle	display
Dorsa	sans
Atkinson Hyperlegible Mono	sans
Science Gothic	sans
Genos	sans
Kapakana	handwriting
East Sea Dokdo	handwriting
Rubik Bubbles	display
Hedvig Letters Sans	sans
Beau Rivage	handwriting
Hubot Sans	sans
Unlock	display
IM Fell French Canon SC	serif
Miltonian	display
Kavivanar	handwriting
Caesar Dressing	display
Honk	display
Raleway Dots	display
Ysabeau	sans
Shippori Antique B1	sans
BBH Bartle	sans
Anek Gujarati	sans
Agdasima	sans
Astloch	display
Fenix	serif
Pavanam	sans
Jaro	sans
Sura	serif
Port Lligat Slab	serif
Cantora One	sans
Margarine	display
Mozilla Text	sans
Londrina Outline	display
Federant	display
Noto Sans Coptic	sans
Smooch	handwriting
Noto Sans Cypriot	sans
Habibi	serif
Noto Serif Khmer	serif
Zen Tokyo Zoo	display
Spirax	display
Tauri	sans
Engagement	handwriting
Sono	sans
Romanesco	handwriting
Mate SC	serif
Devonshire	handwriting
Griffy	display
Nabla	display
Tourney	display
Shalimar	handwriting
SN Pro	sans
Jacques Francois	serif
Island Moments	handwriting
Yeon Sung	display
Lexend Mega	sans
Braah One	sans
Averia Gruesa Libre	display
National Park	sans
Rubik Wet Paint	display
Stoke	serif
Ramaraja	serif
New Amsterdam	sans
Luxurious Roman	display
Seymour One	sans
Condiment	handwriting
Shafarik	display
Inika	serif
Noto Serif Lao	serif
Alumni Sans Inline One	display
Glass Antiqua	display
Aref Ruqaa Ink	serif
Elsie Swash Caps	display
Ravi Prakash	display
Bitcount Prop Single	display
Libre Barcode EAN13 Text	display
Marko One	serif
Chiron Sung HK	serif
Simonetta	display
Cascadia Code	sans
Farsan	display
Castoro Titling	display
Reem Kufi Fun	sans
SUSE Mono	sans
Emblema One	display
Noto Sans Mongolian	sans
Ruluko	sans
Almendra SC	serif
Jacques Francois Shadow	display
Bilbo	handwriting
Fleur De Leah	handwriting
Chilanka	handwriting
Anek Gurmukhi	sans
Nuosu SIL	sans
Babylonica	handwriting
Praise	handwriting
Sixtyfour	mono
Dai Banna SIL	serif
My Soul	handwriting
Noto Sans Javanese	sans
Intel One Mono	mono
Edu AU VIC WA NT Hand	handwriting
Meera Inimai	sans
Vibes	display
Odor Mean Chey	serif
Sofadi One	display
Libre Barcode 39 Extended	display
Jacquarda Bastarda 9	display
Edu NSW ACT Foundation	handwriting
Updock	handwriting
Ribeye Marrow	display
Kirang Haerang	display
Noto Sans Tangsa	sans
LXGW WenKai Mono TC	mono
Love Light	handwriting
Rubik Distressed	display
TASA Explorer	sans
Miss Fajardose	handwriting
Tiro Telugu	serif
Preahvihear	sans
Amarna	sans
Dr Sugiyama	handwriting
Cossette Texte	sans
Noto Sans Cherokee	sans
Jacquard 24	display
Kolker Brush	handwriting
Alumni Sans Collegiate One	sans
Triodion	display
Estonia	handwriting
Cherish	handwriting
Gidole	sans
Iosevka Charon	mono
Cossette Titre	sans
Slackside One	handwriting
Edu QLD Hand	handwriting
Sedan SC	serif
Mrs Sheppards	handwriting
Revalia	display
Geist Pixel	display
Zen Loop	display
Flavors	display
Bonbon	handwriting
Noto Sans Marchen	sans
Ojuju	sans
Splash	handwriting
Noto Serif Yezidi	serif
Rubik 80s Fade	display
Edu AU VIC WA NT Guides	handwriting
Rubik Glitch Pop	display
Rubik Vinyl	display
Edu AU VIC WA NT Dots	handwriting
Suravaram	serif
Flow Rounded	display
Tiro Tamil	serif
Explora	handwriting
Moo Lah Lah	display
Noto Sans NKo	sans
Gajraj One	display
Noto Sans Runic	sans
Noto Sans Sunuwar	sans
Ruge Boogie	handwriting
Parastoo	serif
Flow Block	display
Noto Sans Carian	sans
BBH Bogle	sans
Ingrid Darling	handwriting
Bahianita	display
M PLUS Code Latin	sans
Noto Serif Vithkuqi	serif
Noto Sans Balinese	sans
Geomini	sans
Epunda Slab	serif
Libertinus Serif Display	display
Noto Sans Grantha	sans
Noto Traditional Nushu	sans
Alien Block	display
Noto Sans Adlam Unjoined	sans
Winky Rough	sans
Noto Sans Old Turkic	sans
Playpen Sans Thai	handwriting
Noto Sans Nag Mundari	sans
Lisu Bosa	serif
Chokokutai	display
Hind Mysuru	sans
Noto Sans Mayan Numerals	sans
Rubik Maps	display
Noto Sans Elbasan	sans
Noto Serif NP Hmong	serif
Puppies Play	handwriting
Noto Serif Oriya	serif
Asap Sharp	sans
Noto Sans Mahajani	sans
Edu QLD Beginner	handwriting
Namdhinggo	serif
Montenegrin Gothic One	serif
Noto Sans Tai Tham	sans
Noto Sans Meroitic	sans
Noto Serif Ottoman Siyaq	serif
Warnes	display
Rubik Lines	display
Noto Serif Todhri	serif
Noto Sans Nabataean	sans
Sankofa Display	sans
Noto Sans Brahmi	sans
Maname	serif
Noto Sans Mandaic	sans
Blaka Ink	display
Noto Sans Inscriptional Pahlavi	sans
Noto Sans Rejang	sans
Libertinus Keyboard	display
Noto Serif Grantha	serif
Noto Serif Hentaigana	serif
Kay Pho Du	serif
Noto Sans Deseret	sans
Noto Znamenny Musical Notation	sans
Bitcount Prop Double	display
Noto Sans Miao	sans
Matangi	sans
Edu VIC WA NT Hand Pre	handwriting
Bpmf Iansui	handwriting
Bitcount Grid Single Ink	display
Noto Sans Manichaean	sans
Kanchenjunga	sans
Yarndings 12	display
Betania Patmos In	handwriting
Noto Sans Kayah Li	sans
Noto Sans Psalter Pahlavi	sans
Noto Sans Kharoshthi	sans
